[{"fields": {"latitude": 51.528168, "naptan_id": "490015700C", "name": "British Library", "longitude": -0.128281}, "model": "iotlaunchpad_tfl.busstop", "pk": 1}, {"fields": {"latitude": 51.530668, "naptan_id": "490000129E", "name": "King's Cross St. Pancras Underground Station", "longitude": -0.12319}, "model": "iotlaunchpad_tfl.busstop", "pk": 2}, {"fields": {"latitude": 51.529639, "naptan_id": "490006726S", "name": "Falkirk Street", "longitude": -0.077413}, "model": "iotlaunchpad_tfl.busstop", "pk": 3}, {"fields": {"latitude": 51.52338, "naptan_id": "490012113N", "name": "Shoreditch High Street Rail Station", "longitude": -0.07524}, "model": "iotlaunchpad_tfl.busstop", "pk": 4}, {"fields": {"latitude": 51.525952, "naptan_id": "490007625T", "name": "Shoreditch Church", "longitude": -0.078015}, "model": "iotlaunchpad_tfl.busstop", "pk": 5}, {"fields": {"latitude": 51.521895, "naptan_id": "490005524D", "name": "Commercial Street / Worship Street", "longitude": -0.077883}, "model": "iotlaunchpad_tfl.busstop", "pk": 6}, {"fields": {"latitude": 51.51979, "naptan_id": "490012391S", "name": "Primrose Street", "longitude": -0.078966}, "model": "iotlaunchpad_tfl.busstop", "pk": 7}, {"fields": {"latitude": 51.52487, "naptan_id": "490013996S", "name": "Weavers Fields", "longitude": -0.064149}, "model": "iotlaunchpad_tfl.busstop", "pk": 8}, {"fields": {"latitude": 51.520601, "naptan_id": "490010584S", "name": "Folgate Street", "longitude": -0.074666}, "model": "iotlaunchpad_tfl.busstop", "pk": 9}, {"fields": {"latitude": 51.51794, "naptan_id": "490000138K", "name": "Liverpool Street", "longitude": -0.083162}, "model": "iotlaunchpad_tfl.busstop", "pk": 10}, {"fields": {"latitude": 51.51794, "naptan_id": "490000138L", "name": "Liverpool Street", "longitude": -0.083162}, "model": "iotlaunchpad_tfl.busstop", "pk": 11}, {"fields": {"latitude": 51.516078, "naptan_id": "490008386M", "name": "Houndsditch", "longitude": -0.079613}, "model": "iotlaunchpad_tfl.busstop", "pk": 12}, {"fields": {"latitude": 51.513395, "naptan_id": "490013195H", "name": "Bank", "longitude": -0.089095}, "model": "iotlaunchpad_tfl.busstop", "pk": 13}, {"fields": {"latitude": 51.512899, "naptan_id": "490010200C", "name": "St Paul's Churchyard", "longitude": -0.096984}, "model": "iotlaunchpad_tfl.busstop", "pk": 14}, {"fields": {"latitude": 51.512104, "naptan_id": "490003193S", "name": "Aldwych / Somerset House", "longitude": -0.116286}, "model": "iotlaunchpad_tfl.busstop", "pk": 15}, {"fields": {"latitude": 51.504269, "naptan_id": "490014271N", "name": "Waterloo", "longitude": -0.113356}, "model": "iotlaunchpad_tfl.busstop", "pk": 16}, {"fields": {"latitude": 51.505881, "naptan_id": "490000139M", "name": "London Bridge", "longitude": -0.086807}, "model": "iotlaunchpad_tfl.busstop", "pk": 17}, {"fields": {"latitude": 51.51794, "naptan_id": "490000138E", "name": "Liverpool Street", "longitude": -0.083162}, "model": "iotlaunchpad_tfl.busstop", "pk": 18}, {"fields": {"latitude": 51.504269, "naptan_id": "490000254QA", "name": "Waterloo", "longitude": -0.113356}, "model": "iotlaunchpad_tfl.busstop", "pk": 19}, {"fields": {"latitude": 51.513338, "naptan_id": "490011757L", "name": "The Royal Courts Of Justice", "longitude": -0.114145}, "model": "iotlaunchpad_tfl.busstop", "pk": 20}, {"fields": {"latitude": 51.513338, "naptan_id": "490011757M", "name": "The Royal Courts Of Justice", "longitude": -0.114145}, "model": "iotlaunchpad_tfl.busstop", "pk": 21}, {"fields": {"latitude": 51.513395, "naptan_id": "490013195J", "name": "Bank", "longitude": -0.089095}, "model": "iotlaunchpad_tfl.busstop", "pk": 22}, {"fields": {"latitude": 51.51979, "naptan_id": "490011187N", "name": "Primrose Street", "longitude": -0.078966}, "model": "iotlaunchpad_tfl.busstop", "pk": 23}, {"fields": {"latitude": 51.52338, "naptan_id": "490005524F", "name": "Shoreditch High Street Rail Station", "longitude": -0.07524}, "model": "iotlaunchpad_tfl.busstop", "pk": 24}, {"fields": {"latitude": 51.528461, "naptan_id": "490007625V", "name": "Waterson Street", "longitude": -0.077967}, "model": "iotlaunchpad_tfl.busstop", "pk": 25}, {"fields": {"latitude": 51.530169, "naptan_id": "490006726N", "name": "Hoxton Station  / Geffrye Museum", "longitude": -0.077405}, "model": "iotlaunchpad_tfl.busstop", "pk": 26}, {"fields": {"latitude": 51.531502, "naptan_id": "490011306E", "name": "Warner Place", "longitude": -0.064372}, "model": "iotlaunchpad_tfl.busstop", "pk": 27}, {"fields": {"latitude": 51.531978, "naptan_id": "490001044O", "name": "Cambridge Heath (London) Rail Station", "longitude": -0.057273}, "model": "iotlaunchpad_tfl.busstop", "pk": 28}, {"fields": {"latitude": 51.538496, "naptan_id": "490012442N", "name": "King Edward's Road", "longitude": -0.057211}, "model": "iotlaunchpad_tfl.busstop", "pk": 29}, {"fields": {"latitude": 51.520575, "naptan_id": "490015209C", "name": "Finsbury Square / Moorgate", "longitude": -0.085752}, "model": "iotlaunchpad_tfl.busstop", "pk": 30}, {"fields": {"latitude": 51.513395, "naptan_id": "490011218A", "name": "Bank", "longitude": -0.089095}, "model": "iotlaunchpad_tfl.busstop", "pk": 31}, {"fields": {"latitude": 51.50398, "naptan_id": "490013323SA", "name": "Southwark Underground Station", "longitude": -0.104935}, "model": "iotlaunchpad_tfl.busstop", "pk": 32}, {"fields": {"latitude": 51.50398, "naptan_id": "490013323SB", "name": "Southwark Underground Station", "longitude": -0.104935}, "model": "iotlaunchpad_tfl.busstop", "pk": 33}, {"fields": {"name": "digicat"}, "model": "iotlaunchpad_tfl.busstopgroup", "pk": 1}, {"fields": {"name": "shoreditch"}, "model": "iotlaunchpad_tfl.busstopgroup", "pk": 2}, {"fields": {"name": "palestra"}, "model": "iotlaunchpad_tfl.busstopgroup", "pk": 3}, {"fields": {"bus_stop": 1, "bus_stop_group": 1}, "model": "iotlaunchpad_tfl.busstoptobusstopgroup", "pk": 1}, {"fields": {"bus_stop": 2, "bus_stop_group": 1}, "model": "iotlaunchpad_tfl.busstoptobusstopgroup", "pk": 2}, {"fields": {"bus_stop": 3, "bus_stop_group": 2}, "model": "iotlaunchpad_tfl.busstoptobusstopgroup", "pk": 3}, {"fields": {"bus_stop": 4, "bus_stop_group": 2}, "model": "iotlaunchpad_tfl.busstoptobusstopgroup", "pk": 4}, {"fields": {"bus_stop": 5, "bus_stop_group": 2}, "model": "iotlaunchpad_tfl.busstoptobusstopgroup", "pk": 5}, {"fields": {"bus_stop": 6, "bus_stop_group": 2}, "model": "iotlaunchpad_tfl.busstoptobusstopgroup", "pk": 6}, {"fields": {"bus_stop": 7, "bus_stop_group": 2}, "model": "iotlaunchpad_tfl.busstoptobusstopgroup", "pk": 7}, {"fields": {"bus_stop": 8, "bus_stop_group": 2}, "model": "iotlaunchpad_tfl.busstoptobusstopgroup", "pk": 8}, {"fields": {"bus_stop": 9, "bus_stop_group": 2}, "model": "iotlaunchpad_tfl.busstoptobusstopgroup", "pk": 9}, {"fields": {"bus_stop": 10, "bus_stop_group": 2}, "model": "iotlaunchpad_tfl.busstoptobusstopgroup", "pk": 10}, {"fields": {"bus_stop": 11, "bus_stop_group": 2}, "model": "iotlaunchpad_tfl.busstoptobusstopgroup", "pk": 11}, {"fields": {"bus_stop": 12, "bus_stop_group": 2}, "model": "iotlaunchpad_tfl.busstoptobusstopgroup", "pk": 12}, {"fields": {"bus_stop": 13, "bus_stop_group": 2}, "model": "iotlaunchpad_tfl.busstoptobusstopgroup", "pk": 13}, {"fields": {"bus_stop": 14, "bus_stop_group": 2}, "model": "iotlaunchpad_tfl.busstoptobusstopgroup", "pk": 14}, {"fields": {"bus_stop": 15, "bus_stop_group": 2}, "model": "iotlaunchpad_tfl.busstoptobusstopgroup", "pk": 15}, {"fields": {"bus_stop": 16, "bus_stop_group": 2}, "model": "iotlaunchpad_tfl.busstoptobusstopgroup", "pk": 16}, {"fields": {"bus_stop": 17, "bus_stop_group": 2}, "model": "iotlaunchpad_tfl.busstoptobusstopgroup", "pk": 17}, {"fields": {"bus_stop": 18, "bus_stop_group": 2}, "model": "iotlaunchpad_tfl.busstoptobusstopgroup", "pk": 18}, {"fields": {"bus_stop": 19, "bus_stop_group": 2}, "model": "iotlaunchpad_tfl.busstoptobusstopgroup", "pk": 19}, {"fields": {"bus_stop": 20, "bus_stop_group": 2}, "model": "iotlaunchpad_tfl.busstoptobusstopgroup", "pk": 20}, {"fields": {"bus_stop": 21, "bus_stop_group": 2}, "model": "iotlaunchpad_tfl.busstoptobusstopgroup", "pk": 21}, {"fields": {"bus_stop": 22, "bus_stop_group": 2}, "model": "iotlaunchpad_tfl.busstoptobusstopgroup", "pk": 22}, {"fields": {"bus_stop": 23, "bus_stop_group": 2}, "model": "iotlaunchpad_tfl.busstoptobusstopgroup", "pk": 23}, {"fields": {"bus_stop": 24, "bus_stop_group": 2}, "model": "iotlaunchpad_tfl.busstoptobusstopgroup", "pk": 24}, {"fields": {"bus_stop": 25, "bus_stop_group": 2}, "model": "iotlaunchpad_tfl.busstoptobusstopgroup", "pk": 25}, {"fields": {"bus_stop": 26, "bus_stop_group": 2}, "model": "iotlaunchpad_tfl.busstoptobusstopgroup", "pk": 26}, {"fields": {"bus_stop": 27, "bus_stop_group": 2}, "model": "iotlaunchpad_tfl.busstoptobusstopgroup", "pk": 27}, {"fields": {"bus_stop": 28, "bus_stop_group": 2}, "model": "iotlaunchpad_tfl.busstoptobusstopgroup", "pk": 28}, {"fields": {"bus_stop": 29, "bus_stop_group": 2}, "model": "iotlaunchpad_tfl.busstoptobusstopgroup", "pk": 29}, {"fields": {"bus_stop": 30, "bus_stop_group": 2}, "model": "iotlaunchpad_tfl.busstoptobusstopgroup", "pk": 30}, {"fields": {"bus_stop": 31, "bus_stop_group": 2}, "model": "iotlaunchpad_tfl.busstoptobusstopgroup", "pk": 31}, {"fields": {"bus_stop": 32, "bus_stop_group": 3}, "model": "iotlaunchpad_tfl.busstoptobusstopgroup", "pk": 32}, {"fields": {"bus_stop": 33, "bus_stop_group": 3}, "model": "iotlaunchpad_tfl.busstoptobusstopgroup", "pk": 33}, {"fields": {"bus_stop": 19, "bus_stop_group": 3}, "model": "iotlaunchpad_tfl.busstoptobusstopgroup", "pk": 34}]